<?xml version="1.0" encoding="UTF-8"?>
<!DOCTYPE suite SYSTEM "http://testng.org/testng-1.0.dtd">
<suite name="Suite" parallel="none">
<parameter name="browsername" value="chrome"></parameter>
<parameter name="URL" value="http://192.168.1.17"></parameter>
<parameter name="userName" value="DemoSalesManager"></parameter>
<parameter name="password" value="crmsfa"></parameter>
  <test name="Test">
    <classes>
      <class name="tests.CreateLeadWrapper"/>
    </classes>
  </test> <!-- Test -->
</suite> <!-- Suite -->
