<?xml version="1.0" encoding="UTF-8"?>
<!DOCTYPE suite SYSTEM "http://testng.org/testng-1.0.dtd">
<suite name="Suite" parallel="none">
<groups>
<run>
<include name="common"></include>
<include name="smoke"></include>
<include name="sanity"></include>
<exclude name="regression"></exclude>
</run>
</groups>
<parameter name="browsername" value="chrome"></parameter>
<parameter name="URL" value="http://192.168.1.17"></parameter>
<parameter name="userName" value="DemoSalesManager"></parameter>
<parameter name="password" value="crmsfa"></parameter>
  <test name="Test">
    <classes>
      <class name="tests.DeleteLeadWrapper"/>
      <class name="tests.CreateLeadWrapper"/>
      <class name="tests.DuplicateLeadWrapper"/>
      <class name="tests.Mergelead"/>
      <class name="tests.EditLeadWrapper"/>
    </classes>
  </test> <!-- Test -->
</suite> <!-- Suite -->
