<?xml version="1.0" encoding="UTF-8"?>
<!DOCTYPE suite SYSTEM "http://testng.org/testng-1.0.dtd">
<suite name="Suite" parallel="classes" thread-count="4" verbose="5">

  <test name="Test">
    <classes>
      <class name="tests.DeleteLeadWrapper"/>
      <class name="tests.CreateLeadWrapper"/>
      <class name="tests.DuplicateLeadWrapper"/>
      <class name="tests.Mergelead"/>
      <class name="tests.EditLeadWrapper"/>
    </classes>
  </test> <!-- Test -->
</suite> <!-- Suite -->
