<?xml version="1.0" encoding="UTF-8"?>
<!DOCTYPE suite SYSTEM "http://testng.org/testng-1.0.dtd">
<suite name="Suite1" parallel="none" verbose="5">
<parameter name="browsername" value="chrome"></parameter>
<parameter name="URL" value="http://192.168.1.17"></parameter>
<parameter name="userName" value="DemoSalesManager"></parameter>
<parameter name="password" value="crmsfa"></parameter>
  <test name="Test">
    <classes>
    <class name="tests.CreateLeadWrapper"/>
      </classes>
  </test> <!-- Test -->
    <test name="Test2">
    <parameter name="userName" value="DemoCSR"></parameter>
    <classes>
      <class name="tests.DeleteLeadWrapper"/>
    </classes>
  </test> <!-- Test -->
</suite> <!-- Suite1 -->
